1763595388498,hunter,71904,Van,emf,0,0,INIT,Ella
1763595388527,hunter,71904,Van,emf,1,0,MOVE,Hallway
1763595388531,hunter,71904,Hallway,emf,0,1,RETURN_START,start
1763595388545,hunter,71904,Hallway,emf,0,1,MOVE,Van
1763595388549,hunter,71904,Van,emf,0,1,RETURN_COMPLETE,complete
1763595388553,hunter,71904,,orbs,0,1,SWAP,emf->orbs
1763595388568,hunter,71904,Van,orbs,1,1,MOVE,Hallway
1763595388570,hunter,71904,Hallway,orbs,0,2,EVIDENCE,orbs
1763595388575,hunter,71904,Hallway,orbs,0,2,RETURN_START,start
1763595388590,hunter,71904,Hallway,orbs,0,2,MOVE,Van
1763595388595,hunter,71904,Van,orbs,0,2,RETURN_COMPLETE,complete
1763595388598,hunter,71904,,radio,0,2,SWAP,orbs->radio
1763595388627,hunter,71904,Van,radio,1,2,MOVE,Hallway
1763595388634,hunter,71904,Hallway,radio,0,3,MOVE,Boy's Bedroom
1763595388637,hunter,71904,Boy's Bedroom,radio,1,3,MOVE,Hallway
1763595388640,hunter,71904,Hallway,radio,0,4,RETURN_START,start
1763595388664,hunter,71904,Hallway,radio,0,4,MOVE,Boy's Bedroom
1763595388667,hunter,71904,Boy's Bedroom,radio,0,4,MOVE,Hallway
1763595388680,hunter,71904,Hallway,radio,0,4,MOVE,Van
1763595388683,hunter,71904,Van,radio,0,4,RETURN_COMPLETE,complete
1763595388686,hunter,71904,,temp,0,4,SWAP,radio->temp
1763595388740,hunter,71904,Van,temp,1,4,MOVE,Hallway
1763595388742,hunter,71904,Hallway,temp,0,5,RETURN_START,start
1763595388757,hunter,71904,Hallway,temp,0,5,MOVE,Van
1763595388760,hunter,71904,Van,temp,0,5,RETURN_COMPLETE,complete
1763595388763,hunter,71904,,prints,0,5,SWAP,temp->prints
1763595388766,hunter,71904,Van,prints,1,5,MOVE,Hallway
1763595388769,hunter,71904,Hallway,prints,0,6,MOVE,Master Bedroom
1763595388771,hunter,71904,Master Bedroom,prints,1,6,MOVE,Hallway
1763595388775,hunter,71904,Hallway,prints,0,7,MOVE,Van
1763595388781,hunter,71904,Van,prints,1,7,MOVE,Hallway
1763595388786,hunter,71904,Hallway,prints,0,8,RETURN_START,start
1763595388797,hunter,71904,Hallway,prints,0,8,MOVE,Van
1763595388799,hunter,71904,Van,prints,0,8,RETURN_COMPLETE,complete
1763595388802,hunter,71904,,writing,0,8,SWAP,prints->writing
1763595388821,hunter,71904,Van,writing,1,8,MOVE,Hallway
1763595388823,hunter,71904,Hallway,writing,0,9,RETURN_START,start
1763595388827,hunter,71904,Hallway,writing,0,9,MOVE,Van
1763595388831,hunter,71904,Van,writing,0,9,RETURN_COMPLETE,complete
1763595388834,hunter,71904,,infrared,0,9,SWAP,writing->infrared
1763595388842,hunter,71904,Van,infrared,1,9,MOVE,Hallway
1763595388845,hunter,71904,Hallway,infrared,0,10,EVIDENCE,infrared
1763595388847,hunter,71904,Hallway,infrared,0,10,RETURN_START,start
1763595388876,hunter,71904,Hallway,infrared,0,10,MOVE,Van
1763595388879,hunter,71904,Van,infrared,0,10,RETURN_COMPLETE,complete
1763595388883,hunter,71904,Van,infrared,0,10,EXIT,evidence
1763595625962,hunter,71904,Van,emf,0,0,INIT,Ella
1763595625974,hunter,71904,Van,emf,1,0,MOVE,Hallway
1763595625977,hunter,71904,Hallway,emf,0,1,EVIDENCE,emf
1763595625980,hunter,71904,Hallway,emf,0,1,RETURN_START,start
1763595625991,hunter,71904,Hallway,emf,0,1,MOVE,Van
1763595625994,hunter,71904,Van,emf,0,1,RETURN_COMPLETE,complete
1763595625996,hunter,71904,,orbs,0,1,SWAP,emf->orbs
1763595626007,hunter,71904,Van,orbs,1,1,MOVE,Hallway
1763595626023,hunter,71904,Hallway,orbs,0,2,MOVE,Boy's Bedroom
1763595626025,hunter,71904,Boy's Bedroom,orbs,1,2,MOVE,Hallway
1763595626031,hunter,71904,Hallway,orbs,0,3,MOVE,Kitchen
1763595626033,hunter,71904,Kitchen,orbs,1,3,MOVE,Hallway
1763595626052,hunter,71904,Hallway,orbs,0,4,MOVE,Bathroom
1763595626054,hunter,71904,Bathroom,orbs,1,4,MOVE,Hallway
1763595626091,hunter,71904,Hallway,orbs,0,5,MOVE,Kitchen
1763595626093,hunter,71904,Kitchen,orbs,1,5,MOVE,Garage
1763595626096,hunter,71904,Garage,orbs,2,5,MOVE,Utility Room
1763595626098,hunter,71904,Utility Room,orbs,3,5,MOVE,Garage
1763595626100,hunter,71904,Garage,orbs,4,5,MOVE,Utility Room
1763595626104,hunter,71904,Utility Room,orbs,5,5,MOVE,Garage
1763595626106,hunter,71904,Garage,orbs,6,5,MOVE,Kitchen
1763595626135,hunter,71904,Kitchen,orbs,7,5,MOVE,Hallway
1763595626139,hunter,71904,Hallway,orbs,0,6,MOVE,Master Bedroom
1763595626186,hunter,71904,Master Bedroom,orbs,1,6,MOVE,Hallway
1763595626188,hunter,71904,Hallway,orbs,2,6,MOVE,Van
1763595626190,hunter,71904,Van,orbs,3,6,MOVE,Hallway
1763595626219,hunter,71904,Hallway,orbs,4,6,MOVE,Van
1763595626222,hunter,71904,Van,orbs,5,6,MOVE,Hallway
1763595626232,hunter,71904,Hallway,orbs,6,6,MOVE,Bathroom
1763595626235,hunter,71904,Bathroom,orbs,7,6,MOVE,Hallway
1763595626260,hunter,71904,Hallway,orbs,8,6,MOVE,Basement
1763595626263,hunter,71904,Basement,orbs,9,6,MOVE,Basement Hallway
1763595626265,hunter,71904,Basement Hallway,orbs,10,6,MOVE,Basement
1763595626276,hunter,71904,Basement,orbs,11,6,MOVE,Hallway
1763595626285,hunter,71904,Hallway,orbs,12,6,MOVE,Bathroom
1763595626287,hunter,71904,Bathroom,orbs,13,6,MOVE,Hallway
1763595626290,hunter,71904,Hallway,orbs,14,6,MOVE,Master Bedroom
1763595626300,hunter,71904,Master Bedroom,orbs,15,6,EXIT,bored
1763595627930,hunter,71904,Van,emf,0,0,INIT,Ella
1763595627943,hunter,71904,Van,emf,1,0,MOVE,Hallway
1763595628012,hunter,71904,Hallway,emf,2,0,MOVE,Kitchen
1763595628017,hunter,71904,Kitchen,emf,3,0,MOVE,Garage
1763595628019,hunter,71904,Garage,emf,4,0,MOVE,Utility Room
1763595628022,hunter,71904,Utility Room,emf,5,0,MOVE,Garage
1763595628024,hunter,71904,Garage,emf,6,0,MOVE,Utility Room
1763595628028,hunter,71904,Utility Room,emf,7,0,RETURN_START,start
1763595628031,hunter,71904,Utility Room,emf,7,0,MOVE,Garage
1763595628033,hunter,71904,Garage,emf,7,0,MOVE,Utility Room
1763595628036,hunter,71904,Utility Room,emf,7,0,MOVE,Garage
1763595628041,hunter,71904,Garage,emf,7,0,MOVE,Kitchen
1763595628049,hunter,71904,Kitchen,emf,7,0,MOVE,Hallway
1763595628053,hunter,71904,Hallway,emf,7,0,MOVE,Van
1763595628055,hunter,71904,Van,emf,7,0,RETURN_COMPLETE,complete
1763595628058,hunter,71904,,orbs,7,0,SWAP,emf->orbs
1763595628076,hunter,71904,Van,orbs,8,0,MOVE,Hallway
1763595628079,hunter,71904,Hallway,orbs,0,1,MOVE,Kitchen
1763595628082,hunter,71904,Kitchen,orbs,1,1,MOVE,Living Room
1763595628088,hunter,71904,Living Room,orbs,2,1,MOVE,Kitchen
1763595628091,hunter,71904,Kitchen,orbs,3,1,MOVE,Garage
1763595628093,hunter,71904,Garage,orbs,4,1,MOVE,Utility Room
1763595628096,hunter,71904,Utility Room,orbs,5,1,MOVE,Garage
1763595628098,hunter,71904,Garage,orbs,6,1,MOVE,Kitchen
1763595628109,hunter,71904,Kitchen,orbs,7,1,MOVE,Hallway
1763595628111,hunter,71904,Hallway,orbs,0,2,EVIDENCE,orbs
1763595628114,hunter,71904,Hallway,orbs,0,2,RETURN_START,start
1763595628124,hunter,71904,Hallway,orbs,0,2,MOVE,Kitchen
1763595628126,hunter,71904,Kitchen,orbs,0,2,MOVE,Garage
1763595628129,hunter,71904,Garage,orbs,0,2,MOVE,Utility Room
1763595628131,hunter,71904,Utility Room,orbs,0,2,MOVE,Garage
1763595628134,hunter,71904,Garage,orbs,0,2,MOVE,Kitchen
1763595628137,hunter,71904,Kitchen,orbs,0,2,MOVE,Living Room
1763595628140,hunter,71904,Living Room,orbs,0,2,MOVE,Kitchen
1763595628149,hunter,71904,Kitchen,orbs,0,2,MOVE,Hallway
1763595628152,hunter,71904,Hallway,orbs,0,2,MOVE,Van
1763595628155,hunter,71904,Van,orbs,0,2,RETURN_COMPLETE,complete
1763595628160,hunter,71904,Van,orbs,0,2,EXIT,evidence
1763595628944,hunter,71904,Van,emf,0,0,INIT,Ella
1763595628973,hunter,71904,Van,emf,1,0,MOVE,Hallway
1763595629000,hunter,71904,Hallway,emf,2,0,MOVE,Basement
1763595629013,hunter,71904,Basement,emf,3,0,MOVE,Hallway
1763595629021,hunter,71904,Hallway,emf,4,0,MOVE,Bathroom
1763595629024,hunter,71904,Bathroom,emf,5,0,MOVE,Hallway
1763595629026,hunter,71904,Hallway,emf,0,1,MOVE,Bathroom
1763595629030,hunter,71904,Bathroom,emf,1,1,MOVE,Hallway
1763595629055,hunter,71904,Hallway,emf,0,2,MOVE,Boy's Bedroom
1763595629065,hunter,71904,Boy's Bedroom,emf,1,2,MOVE,Hallway
1763595629068,hunter,71904,Hallway,emf,0,3,MOVE,Boy's Bedroom
1763595629080,hunter,71904,Boy's Bedroom,emf,1,3,MOVE,Hallway
1763595629093,hunter,71904,Hallway,emf,0,4,MOVE,Bathroom
1763595629095,hunter,71904,Bathroom,emf,1,4,MOVE,Hallway
1763595629108,hunter,71904,Hallway,emf,0,5,MOVE,Boy's Bedroom
1763595629135,hunter,71904,Boy's Bedroom,emf,1,5,MOVE,Hallway
1763595629152,hunter,71904,Hallway,emf,0,6,MOVE,Basement
1763595629155,hunter,71904,Basement,emf,1,6,MOVE,Basement Hallway
1763595629158,hunter,71904,Basement Hallway,emf,2,6,MOVE,Basement
1763595629164,hunter,71904,Basement,emf,3,6,MOVE,Basement Hallway
1763595629168,hunter,71904,Basement Hallway,emf,4,6,MOVE,Left Storage Room
1763595629171,hunter,71904,Left Storage Room,emf,5,6,MOVE,Basement Hallway
1763595629174,hunter,71904,Basement Hallway,emf,6,6,MOVE,Left Storage Room
1763595629177,hunter,71904,Left Storage Room,emf,7,6,MOVE,Basement Hallway
1763595629181,hunter,71904,Basement Hallway,emf,8,6,MOVE,Right Storage Room
1763595629184,hunter,71904,Right Storage Room,emf,9,6,MOVE,Basement Hallway
1763595629188,hunter,71904,Basement Hallway,emf,10,6,MOVE,Left Storage Room
1763595629191,hunter,71904,Left Storage Room,emf,11,6,MOVE,Basement Hallway
1763595629195,hunter,71904,Basement Hallway,emf,12,6,MOVE,Basement
1763595629201,hunter,71904,Basement,emf,13,6,MOVE,Hallway
1763595629212,hunter,71904,Hallway,emf,0,7,MOVE,Basement
1763595629217,hunter,71904,Basement,emf,1,7,MOVE,Basement Hallway
1763595629225,hunter,71904,Basement Hallway,emf,2,7,MOVE,Basement
1763595629275,hunter,71904,Basement,emf,3,7,MOVE,Hallway
1763595629287,hunter,71904,Hallway,emf,4,7,MOVE,Boy's Bedroom
1763595629291,hunter,71904,Boy's Bedroom,emf,5,7,RETURN_START,start
1763595629305,hunter,71904,Boy's Bedroom,emf,5,7,MOVE,Hallway
1763595629308,hunter,71904,Hallway,emf,5,7,MOVE,Basement
1763595629310,hunter,71904,Basement,emf,5,7,MOVE,Basement Hallway
1763595629314,hunter,71904,Basement Hallway,emf,5,7,MOVE,Basement
1763595629325,hunter,71904,Basement,emf,5,7,MOVE,Hallway
1763595629327,hunter,71904,Hallway,emf,5,7,MOVE,Basement
1763595629330,hunter,71904,Basement,emf,5,7,MOVE,Basement Hallway
1763595629333,hunter,71904,Basement Hallway,emf,5,7,MOVE,Left Storage Room
1763595629335,hunter,71904,Left Storage Room,emf,5,7,MOVE,Basement Hallway
1763595629338,hunter,71904,Basement Hallway,emf,5,7,MOVE,Right Storage Room
1763595629340,hunter,71904,Right Storage Room,emf,5,7,MOVE,Basement Hallway
1763595629346,hunter,71904,Basement Hallway,emf,5,7,MOVE,Left Storage Room
1763595629350,hunter,71904,Left Storage Room,emf,5,7,MOVE,Basement Hallway
1763595629352,hunter,71904,Basement Hallway,emf,5,7,MOVE,Left Storage Room
1763595629358,hunter,71904,Left Storage Room,emf,5,7,MOVE,Basement Hallway
1763595629364,hunter,71904,Basement Hallway,emf,5,7,MOVE,Basement
1763595629366,hunter,71904,Basement,emf,5,7,MOVE,Basement Hallway
1763595629369,hunter,71904,Basement Hallway,emf,5,7,MOVE,Basement
1763595629375,hunter,71904,Basement,emf,5,7,MOVE,Hallway
1763595629378,hunter,71904,Hallway,emf,5,7,MOVE,Boy's Bedroom
1763595629381,hunter,71904,Boy's Bedroom,emf,5,7,MOVE,Hallway
1763595629394,hunter,71904,Hallway,emf,5,7,MOVE,Bathroom
1763595629397,hunter,71904,Bathroom,emf,5,7,MOVE,Hallway
1763595629411,hunter,71904,Hallway,emf,5,7,MOVE,Boy's Bedroom
1763595629414,hunter,71904,Boy's Bedroom,emf,5,7,MOVE,Hallway
1763595629417,hunter,71904,Hallway,emf,5,7,MOVE,Boy's Bedroom
1763595629420,hunter,71904,Boy's Bedroom,emf,5,7,MOVE,Hallway
1763595629431,hunter,71904,Hallway,emf,5,7,MOVE,Bathroom
1763595629433,hunter,71904,Bathroom,emf,5,7,MOVE,Hallway
1763595629438,hunter,71904,Hallway,emf,5,7,MOVE,Bathroom
1763595629441,hunter,71904,Bathroom,emf,5,7,MOVE,Hallway
1763595629447,hunter,71904,Hallway,emf,5,7,MOVE,Basement
1763595629450,hunter,71904,Basement,emf,5,7,MOVE,Hallway
1763595629458,hunter,71904,Hallway,emf,5,7,MOVE,Van
1763595629460,hunter,71904,Van,emf,5,7,RETURN_COMPLETE,complete
1763595629463,hunter,71904,Van,emf,5,7,EXIT,evidence
1763595630138,hunter,71904,Van,emf,0,0,INIT,Ella
1763595630182,hunter,71904,Van,emf,1,0,MOVE,Hallway
1763595630213,hunter,71904,Hallway,emf,2,0,MOVE,Master Bedroom
1763595630216,hunter,71904,Master Bedroom,emf,3,0,MOVE,Hallway
1763595630221,hunter,71904,Hallway,emf,4,0,MOVE,Van
1763595630226,hunter,71904,Van,emf,5,0,MOVE,Hallway
1763595630253,hunter,71904,Hallway,emf,6,0,MOVE,Boy's Bedroom
1763595630256,hunter,71904,Boy's Bedroom,emf,7,0,MOVE,Hallway
1763595630297,hunter,71904,Hallway,emf,8,0,MOVE,Van
1763595630300,hunter,71904,Van,emf,9,0,MOVE,Hallway
1763595630302,hunter,71904,Hallway,emf,0,1,MOVE,Boy's Bedroom
1763595630313,hunter,71904,Boy's Bedroom,emf,1,1,MOVE,Hallway
1763595630315,hunter,71904,Hallway,emf,0,2,RETURN_START,start
1763595630318,hunter,71904,Hallway,emf,0,2,MOVE,Boy's Bedroom
1763595630320,hunter,71904,Boy's Bedroom,emf,0,2,MOVE,Hallway
1763595630323,hunter,71904,Hallway,emf,0,2,MOVE,Van
1763595630326,hunter,71904,Van,emf,0,2,RETURN_COMPLETE,complete
1763595630328,hunter,71904,,orbs,0,2,SWAP,emf->orbs
1763595630376,hunter,71904,Van,orbs,1,2,MOVE,Hallway
1763595630382,hunter,71904,Hallway,orbs,0,3,EVIDENCE,orbs
1763595630385,hunter,71904,Hallway,orbs,0,3,RETURN_START,start
1763595630410,hunter,71904,Hallway,orbs,0,3,MOVE,Van
1763595630414,hunter,71904,Van,orbs,0,3,RETURN_COMPLETE,complete
1763595630416,hunter,71904,,radio,0,3,SWAP,orbs->radio
1763595630427,hunter,71904,Van,radio,1,3,MOVE,Hallway
1763595630445,hunter,71904,Hallway,radio,0,4,MOVE,Basement
1763595630447,hunter,71904,Basement,radio,1,4,MOVE,Hallway
1763595630450,hunter,71904,Hallway,radio,0,5,MOVE,Basement
1763595630458,hunter,71904,Basement,radio,1,5,MOVE,Hallway
1763595630461,hunter,71904,Hallway,radio,0,6,MOVE,Bathroom
1763595630510,hunter,71904,Bathroom,radio,1,6,MOVE,Hallway
1763595630513,hunter,71904,Hallway,radio,0,7,RETURN_START,start
1763595630544,hunter,71904,Hallway,radio,0,7,MOVE,Bathroom
1763595630546,hunter,71904,Bathroom,radio,0,7,MOVE,Hallway
1763595630593,hunter,71904,Hallway,radio,0,7,MOVE,Basement
1763595630596,hunter,71904,Basement,radio,0,7,MOVE,Hallway
1763595630608,hunter,71904,Hallway,radio,0,7,MOVE,Basement
1763595630611,hunter,71904,Basement,radio,0,7,MOVE,Hallway
1763595630619,hunter,71904,Hallway,radio,0,7,MOVE,Van
1763595630621,hunter,71904,Van,radio,0,7,RETURN_COMPLETE,complete
1763595630626,hunter,71904,,temp,0,7,SWAP,radio->temp
1763595630633,hunter,71904,Van,temp,1,7,MOVE,Hallway
1763595630636,hunter,71904,Hallway,temp,0,8,RETURN_START,start
1763595630681,hunter,71904,Hallway,temp,0,8,MOVE,Van
1763595630685,hunter,71904,Van,temp,0,8,RETURN_COMPLETE,complete
1763595630689,hunter,71904,Van,temp,0,8,EXIT,evidence
1763595631383,hunter,71904,Van,emf,0,0,INIT,Ella
1763595631396,hunter,71904,Van,emf,1,0,MOVE,Hallway
1763595631398,hunter,71904,Hallway,emf,2,0,MOVE,Boy's Bedroom
1763595631401,hunter,71904,Boy's Bedroom,emf,3,0,MOVE,Hallway
1763595631404,hunter,71904,Hallway,emf,4,0,MOVE,Master Bedroom
1763595631408,hunter,71904,Master Bedroom,emf,5,0,MOVE,Hallway
1763595631425,hunter,71904,Hallway,emf,6,0,MOVE,Bathroom
1763595631428,hunter,71904,Bathroom,emf,7,0,MOVE,Hallway
1763595631434,hunter,71904,Hallway,emf,0,1,MOVE,Master Bedroom
1763595631438,hunter,71904,Master Bedroom,emf,1,1,MOVE,Hallway
1763595631473,hunter,71904,Hallway,emf,0,2,MOVE,Basement
1763595631476,hunter,71904,Basement,emf,1,2,MOVE,Hallway
1763595631481,hunter,71904,Hallway,emf,0,3,MOVE,Basement
1763595631483,hunter,71904,Basement,emf,1,3,MOVE,Hallway
1763595631486,hunter,71904,Hallway,emf,0,4,MOVE,Basement
1763595631526,hunter,71904,Basement,emf,1,4,MOVE,Hallway
1763595631529,hunter,71904,Hallway,emf,0,5,MOVE,Boy's Bedroom
1763595631534,hunter,71904,Boy's Bedroom,emf,1,5,MOVE,Hallway
1763595631537,hunter,71904,Hallway,emf,0,6,MOVE,Master Bedroom
1763595631540,hunter,71904,Master Bedroom,emf,1,6,MOVE,Hallway
1763595631565,hunter,71904,Hallway,emf,0,7,MOVE,Basement
1763595631568,hunter,71904,Basement,emf,1,7,MOVE,Hallway
1763595631570,hunter,71904,Hallway,emf,0,8,MOVE,Kitchen
1763595631573,hunter,71904,Kitchen,emf,1,8,MOVE,Living Room
1763595631576,hunter,71904,Living Room,emf,2,8,MOVE,Kitchen
1763595631619,hunter,71904,Kitchen,emf,3,8,MOVE,Hallway
1763595631622,hunter,71904,Hallway,emf,4,8,MOVE,Master Bedroom
1763595631625,hunter,71904,Master Bedroom,emf,0,9,MOVE,Hallway
1763595631652,hunter,71904,Hallway,emf,0,10,MOVE,Basement
1763595631656,hunter,71904,Basement,emf,1,10,MOVE,Basement Hallway
1763595631659,hunter,71904,Basement Hallway,emf,2,10,RETURN_START,start
1763595631661,hunter,71904,Basement Hallway,emf,2,10,MOVE,Basement
1763595631671,hunter,71904,Basement,emf,2,10,MOVE,Hallway
1763595631674,hunter,71904,Hallway,emf,2,10,MOVE,Master Bedroom
1763595631719,hunter,71904,Master Bedroom,emf,2,10,MOVE,Hallway
1763595631721,hunter,71904,Hallway,emf,2,10,MOVE,Kitchen
1763595631724,hunter,71904,Kitchen,emf,2,10,MOVE,Living Room
1763595631728,hunter,71904,Living Room,emf,2,10,MOVE,Kitchen
1763595631736,hunter,71904,Kitchen,emf,2,10,MOVE,Hallway
1763595631739,hunter,71904,Hallway,emf,2,10,MOVE,Basement
1763595631741,hunter,71904,Basement,emf,2,10,MOVE,Hallway
1763595631766,hunter,71904,Hallway,emf,2,10,MOVE,Master Bedroom
1763595631769,hunter,71904,Master Bedroom,emf,2,10,MOVE,Hallway
1763595631771,hunter,71904,Hallway,emf,2,10,MOVE,Boy's Bedroom
1763595631775,hunter,71904,Boy's Bedroom,emf,2,10,MOVE,Hallway
1763595631778,hunter,71904,Hallway,emf,2,10,MOVE,Basement
1763595631781,hunter,71904,Basement,emf,2,10,MOVE,Hallway
1763595631783,hunter,71904,Hallway,emf,2,10,MOVE,Basement
1763595631786,hunter,71904,Basement,emf,2,10,MOVE,Hallway
1763595631789,hunter,71904,Hallway,emf,2,10,MOVE,Basement
1763595631791,hunter,71904,Basement,emf,2,10,MOVE,Hallway
1763595631795,hunter,71904,Hallway,emf,2,10,MOVE,Master Bedroom
1763595631798,hunter,71904,Master Bedroom,emf,2,10,MOVE,Hallway
1763595631804,hunter,71904,Hallway,emf,2,10,MOVE,Bathroom
1763595631829,hunter,71904,Bathroom,emf,2,10,MOVE,Hallway
1763595631832,hunter,71904,Hallway,emf,2,10,MOVE,Master Bedroom
1763595631846,hunter,71904,Master Bedroom,emf,2,10,MOVE,Hallway
1763595631849,hunter,71904,Hallway,emf,2,10,MOVE,Boy's Bedroom
1763595631852,hunter,71904,Boy's Bedroom,emf,2,10,MOVE,Hallway
1763595631854,hunter,71904,Hallway,emf,2,10,MOVE,Van
1763595631857,hunter,71904,Van,emf,2,10,RETURN_COMPLETE,complete
1763595631860,hunter,71904,Van,emf,2,10,EXIT,evidence
1763595632505,hunter,71904,Van,emf,0,0,INIT,Ella
1763595632517,hunter,71904,Van,emf,1,0,MOVE,Hallway
1763595632524,hunter,71904,Hallway,emf,0,1,MOVE,Bathroom
1763595632526,hunter,71904,Bathroom,emf,1,1,MOVE,Hallway
1763595632531,hunter,71904,Hallway,emf,0,2,MOVE,Master Bedroom
1763595632536,hunter,71904,Master Bedroom,emf,0,3,MOVE,Hallway
1763595632571,hunter,71904,Hallway,emf,1,3,MOVE,Boy's Bedroom
1763595632574,hunter,71904,Boy's Bedroom,emf,0,4,MOVE,Hallway
1763595632577,hunter,71904,Hallway,emf,1,4,RETURN_START,start
1763595632619,hunter,71904,Hallway,emf,1,4,MOVE,Boy's Bedroom
1763595632622,hunter,71904,Boy's Bedroom,emf,1,4,MOVE,Hallway
1763595632628,hunter,71904,Hallway,emf,1,4,MOVE,Master Bedroom
1763595632631,hunter,71904,Master Bedroom,emf,1,4,MOVE,Hallway
1763595632634,hunter,71904,Hallway,emf,1,4,MOVE,Bathroom
1763595632637,hunter,71904,Bathroom,emf,1,4,MOVE,Hallway
1763595632641,hunter,71904,Hallway,emf,1,4,MOVE,Van
1763595632645,hunter,71904,Van,emf,1,4,RETURN_COMPLETE,complete
1763595632648,hunter,71904,,orbs,1,4,SWAP,emf->orbs
1763595632674,hunter,71904,Van,orbs,2,4,MOVE,Hallway
1763595632685,hunter,71904,Hallway,orbs,0,5,MOVE,Boy's Bedroom
1763595632687,hunter,71904,Boy's Bedroom,orbs,1,5,RETURN_START,start
1763595632711,hunter,71904,Boy's Bedroom,orbs,1,5,MOVE,Hallway
1763595632713,hunter,71904,Hallway,orbs,1,5,MOVE,Van
1763595632716,hunter,71904,Van,orbs,1,5,RETURN_COMPLETE,complete
1763595632722,hunter,71904,,radio,1,5,SWAP,orbs->radio
1763595632731,hunter,71904,Van,radio,0,6,MOVE,Hallway
1763595632743,hunter,71904,Hallway,radio,1,6,MOVE,Bathroom
1763595632747,hunter,71904,Bathroom,radio,2,6,RETURN_START,start
1763595632754,hunter,71904,Bathroom,radio,2,6,MOVE,Hallway
1763595632757,hunter,71904,Hallway,radio,2,6,MOVE,Van
1763595632759,hunter,71904,Van,radio,2,6,RETURN_COMPLETE,complete
1763595632762,hunter,71904,,temp,2,6,SWAP,radio->temp
1763595632773,hunter,71904,Van,temp,3,6,MOVE,Hallway
1763595632776,hunter,71904,Hallway,temp,0,7,MOVE,Master Bedroom
1763595632795,hunter,71904,Master Bedroom,temp,1,7,MOVE,Hallway
1763595632807,hunter,71904,Hallway,temp,2,7,MOVE,Bathroom
1763595632809,hunter,71904,Bathroom,temp,3,7,MOVE,Hallway
1763595632812,hunter,71904,Hallway,temp,4,7,MOVE,Kitchen
1763595632815,hunter,71904,Kitchen,temp,5,7,RETURN_START,start
1763595632835,hunter,71904,Kitchen,temp,5,7,MOVE,Hallway
1763595632872,hunter,71904,Hallway,temp,5,7,MOVE,Bathroom
1763595632874,hunter,71904,Bathroom,temp,5,7,MOVE,Hallway
1763595632876,hunter,71904,Hallway,temp,5,7,MOVE,Master Bedroom
1763595632879,hunter,71904,Master Bedroom,temp,5,7,MOVE,Hallway
1763595632881,hunter,71904,Hallway,temp,5,7,MOVE,Van
1763595632884,hunter,71904,Van,temp,5,7,RETURN_COMPLETE,complete
1763595632887,hunter,71904,,prints,5,7,SWAP,temp->prints
1763595632906,hunter,71904,Van,prints,6,7,MOVE,Hallway
1763595632909,hunter,71904,Hallway,prints,0,8,EVIDENCE,prints
1763595632912,hunter,71904,Hallway,prints,0,8,RETURN_START,start
1763595632922,hunter,71904,Hallway,prints,0,8,MOVE,Van
1763595632925,hunter,71904,Van,prints,0,8,RETURN_COMPLETE,complete
1763595632930,hunter,71904,,writing,0,8,SWAP,prints->writing
1763595632957,hunter,71904,Van,writing,1,8,MOVE,Hallway
1763595632963,hunter,71904,Hallway,writing,0,9,MOVE,Van
1763595632966,hunter,71904,Van,writing,1,9,MOVE,Hallway
1763595632976,hunter,71904,Hallway,writing,0,10,MOVE,Basement
1763595632980,hunter,71904,Basement,writing,1,10,MOVE,Hallway
1763595632985,hunter,71904,Hallway,writing,0,11,MOVE,Bathroom
1763595632987,hunter,71904,Bathroom,writing,1,11,MOVE,Hallway
1763595632992,hunter,71904,Hallway,writing,0,12,MOVE,Van
1763595632994,hunter,71904,Van,writing,1,12,MOVE,Hallway
1763595632996,hunter,71904,Hallway,writing,0,13,MOVE,Basement
1763595632999,hunter,71904,Basement,writing,1,13,MOVE,Hallway
1763595633002,hunter,71904,Hallway,writing,0,14,RETURN_START,start
1763595633014,hunter,71904,Hallway,writing,0,14,MOVE,Basement
1763595633016,hunter,71904,Basement,writing,0,14,MOVE,Hallway
1763595633022,hunter,71904,Hallway,writing,0,14,MOVE,Van
1763595633024,hunter,71904,Van,writing,0,14,RETURN_COMPLETE,complete
1763595633027,hunter,71904,,infrared,0,14,SWAP,writing->infrared
1763595633046,hunter,71904,Van,infrared,1,14,MOVE,Hallway
1763595633048,hunter,71904,Hallway,infrared,0,15,EXIT,afraid
1763595672471,hunter,71904,Van,emf,0,0,INIT,Ella
1763595672483,hunter,71904,Van,emf,1,0,MOVE,Hallway
1763595672485,hunter,71904,Hallway,emf,2,0,MOVE,Bathroom
1763595672488,hunter,71904,Bathroom,emf,3,0,MOVE,Hallway
1763595672492,hunter,71904,Hallway,emf,4,0,MOVE,Boy's Bedroom
1763595672497,hunter,71904,Boy's Bedroom,emf,5,0,MOVE,Hallway
1763595672566,hunter,71904,Hallway,emf,6,0,MOVE,Basement
1763595672569,hunter,71904,Basement,emf,7,0,MOVE,Hallway
1763595672582,hunter,71904,Hallway,emf,0,1,MOVE,Van
1763595672585,hunter,71904,Van,emf,1,1,MOVE,Hallway
1763595672601,hunter,71904,Hallway,emf,0,2,MOVE,Bathroom
1763595672605,hunter,71904,Bathroom,emf,1,2,MOVE,Hallway
1763595672607,hunter,71904,Hallway,emf,0,3,MOVE,Basement
1763595672610,hunter,71904,Basement,emf,1,3,MOVE,Basement Hallway
1763595672612,hunter,71904,Basement Hallway,emf,2,3,MOVE,Right Storage Room
1763595672619,hunter,71904,Right Storage Room,emf,3,3,MOVE,Basement Hallway
1763595672621,hunter,71904,Basement Hallway,emf,4,3,MOVE,Basement
1763595672624,hunter,71904,Basement,emf,5,3,MOVE,Basement Hallway
1763595672627,hunter,71904,Basement Hallway,emf,6,3,MOVE,Basement
1763595672630,hunter,71904,Basement,emf,7,3,MOVE,Basement Hallway
1763595672633,hunter,71904,Basement Hallway,emf,8,3,MOVE,Basement
1763595672661,hunter,71904,Basement,emf,9,3,MOVE,Hallway
1763595672665,hunter,71904,Hallway,emf,0,4,MOVE,Kitchen
1763595672667,hunter,71904,Kitchen,emf,1,4,MOVE,Hallway
1763595672671,hunter,71904,Hallway,emf,0,5,MOVE,Van
1763595672673,hunter,71904,Van,emf,1,5,MOVE,Hallway
1763595672676,hunter,71904,Hallway,emf,0,6,MOVE,Master Bedroom
1763595672678,hunter,71904,Master Bedroom,emf,1,6,MOVE,Hallway
1763595672681,hunter,71904,Hallway,emf,0,7,MOVE,Master Bedroom
1763595672684,hunter,71904,Master Bedroom,emf,1,7,MOVE,Hallway
1763595672686,hunter,71904,Hallway,emf,0,8,MOVE,Van
1763595672689,hunter,71904,Van,emf,1,8,MOVE,Hallway
1763595672692,hunter,71904,Hallway,emf,0,9,MOVE,Kitchen
1763595672695,hunter,71904,Kitchen,emf,1,9,MOVE,Living Room
1763595672697,hunter,71904,Living Room,emf,2,9,RETURN_START,start
1763595672708,hunter,71904,Living Room,emf,2,9,MOVE,Kitchen
1763595672746,hunter,71904,Kitchen,emf,2,9,MOVE,Hallway
1763595672770,hunter,71904,Hallway,emf,2,9,MOVE,Van
1763595672772,hunter,71904,Van,emf,2,9,RETURN_COMPLETE,complete
1763595672774,hunter,71904,,orbs,2,9,SWAP,emf->orbs
1763595672806,hunter,71904,Van,orbs,3,9,MOVE,Hallway
1763595672808,hunter,71904,Hallway,orbs,4,9,MOVE,Van
1763595672811,hunter,71904,Van,orbs,5,9,MOVE,Hallway
1763595672818,hunter,71904,Hallway,orbs,0,10,MOVE,Kitchen
1763595672821,hunter,71904,Kitchen,orbs,1,10,MOVE,Garage
1763595672824,hunter,71904,Garage,orbs,2,10,MOVE,Kitchen
1763595672832,hunter,71904,Kitchen,orbs,3,10,MOVE,Living Room
1763595672835,hunter,71904,Living Room,orbs,4,10,MOVE,Kitchen
1763595672839,hunter,71904,Kitchen,orbs,5,10,MOVE,Garage
1763595672844,hunter,71904,Garage,orbs,6,10,MOVE,Kitchen
1763595672863,hunter,71904,Kitchen,orbs,7,10,MOVE,Hallway
1763595672878,hunter,71904,Hallway,orbs,0,11,MOVE,Basement
1763595672880,hunter,71904,Basement,orbs,1,11,MOVE,Basement Hallway
1763595672883,hunter,71904,Basement Hallway,orbs,2,11,MOVE,Left Storage Room
1763595672899,hunter,71904,Left Storage Room,orbs,3,11,MOVE,Basement Hallway
1763595672902,hunter,71904,Basement Hallway,orbs,4,11,MOVE,Right Storage Room
1763595672904,hunter,71904,Right Storage Room,orbs,5,11,MOVE,Basement Hallway
1763595672907,hunter,71904,Basement Hallway,orbs,6,11,MOVE,Basement
1763595672928,hunter,71904,Basement,orbs,7,11,MOVE,Hallway
1763595672944,hunter,71904,Hallway,orbs,0,12,MOVE,Boy's Bedroom
1763595672948,hunter,71904,Boy's Bedroom,orbs,1,12,MOVE,Hallway
1763595672950,hunter,71904,Hallway,orbs,0,13,MOVE,Basement
1763595672956,hunter,71904,Basement,orbs,1,13,MOVE,Basement Hallway
1763595672959,hunter,71904,Basement Hallway,orbs,2,13,RETURN_START,start
1763595672962,hunter,71904,Basement Hallway,orbs,2,13,MOVE,Basement
1763595672971,hunter,71904,Basement,orbs,2,13,MOVE,Hallway
1763595672973,hunter,71904,Hallway,orbs,2,13,MOVE,Boy's Bedroom
1763595672976,hunter,71904,Boy's Bedroom,orbs,2,13,MOVE,Hallway
1763595672978,hunter,71904,Hallway,orbs,2,13,MOVE,Basement
1763595672982,hunter,71904,Basement,orbs,2,13,MOVE,Basement Hallway
1763595672985,hunter,71904,Basement Hallway,orbs,2,13,MOVE,Right Storage Room
1763595672988,hunter,71904,Right Storage Room,orbs,2,13,MOVE,Basement Hallway
1763595672991,hunter,71904,Basement Hallway,orbs,2,13,MOVE,Left Storage Room
1763595672993,hunter,71904,Left Storage Room,orbs,2,13,MOVE,Basement Hallway
1763595672996,hunter,71904,Basement Hallway,orbs,2,13,MOVE,Basement
1763595672998,hunter,71904,Basement,orbs,2,13,MOVE,Hallway
1763595673001,hunter,71904,Hallway,orbs,2,13,MOVE,Kitchen
1763595673004,hunter,71904,Kitchen,orbs,2,13,MOVE,Garage
1763595673007,hunter,71904,Garage,orbs,2,13,MOVE,Kitchen
1763595673010,hunter,71904,Kitchen,orbs,2,13,MOVE,Living Room
1763595673013,hunter,71904,Living Room,orbs,2,13,MOVE,Kitchen
1763595673018,hunter,71904,Kitchen,orbs,2,13,MOVE,Garage
1763595673021,hunter,71904,Garage,orbs,2,13,MOVE,Kitchen
1763595673024,hunter,71904,Kitchen,orbs,2,13,MOVE,Hallway
1763595673027,hunter,71904,Hallway,orbs,2,13,MOVE,Van
1763595673032,hunter,71904,Van,orbs,2,13,RETURN_COMPLETE,complete
1763595673035,hunter,71904,Van,orbs,2,13,EXIT,evidence
1763595673814,hunter,71904,Van,emf,0,0,INIT,Ella
1763595673829,hunter,71904,Van,emf,1,0,MOVE,Hallway
1763595673831,hunter,71904,Hallway,emf,0,1,MOVE,Van
1763595673834,hunter,71904,Van,emf,1,1,MOVE,Hallway
1763595673915,hunter,71904,Hallway,emf,0,2,MOVE,Basement
1763595673918,hunter,71904,Basement,emf,1,2,MOVE,Basement Hallway
1763595673922,hunter,71904,Basement Hallway,emf,2,2,MOVE,Right Storage Room
1763595673925,hunter,71904,Right Storage Room,emf,3,2,MOVE,Basement Hallway
1763595673927,hunter,71904,Basement Hallway,emf,4,2,MOVE,Basement
1763595673936,hunter,71904,Basement,emf,5,2,MOVE,Hallway
1763595673949,hunter,71904,Hallway,emf,0,3,MOVE,Boy's Bedroom
1763595673953,hunter,71904,Boy's Bedroom,emf,1,3,MOVE,Hallway
1763595673965,hunter,71904,Hallway,emf,0,4,MOVE,Boy's Bedroom
1763595673973,hunter,71904,Boy's Bedroom,emf,1,4,MOVE,Hallway
1763595673976,hunter,71904,Hallway,emf,0,5,MOVE,Bathroom
1763595673979,hunter,71904,Bathroom,emf,1,5,MOVE,Hallway
1763595673982,hunter,71904,Hallway,emf,0,6,MOVE,Van
1763595673984,hunter,71904,Van,emf,1,6,MOVE,Hallway
1763595673988,hunter,71904,Hallway,emf,2,6,MOVE,Kitchen
1763595673997,hunter,71904,Kitchen,emf,3,6,MOVE,Living Room
1763595674001,hunter,71904,Living Room,emf,4,6,MOVE,Kitchen
1763595674006,hunter,71904,Kitchen,emf,5,6,MOVE,Garage
1763595674009,hunter,71904,Garage,emf,6,6,MOVE,Utility Room
1763595674011,hunter,71904,Utility Room,emf,7,6,MOVE,Garage
1763595674014,hunter,71904,Garage,emf,8,6,MOVE,Utility Room
1763595674017,hunter,71904,Utility Room,emf,9,6,MOVE,Garage
1763595674020,hunter,71904,Garage,emf,10,6,MOVE,Kitchen
1763595674022,hunter,71904,Kitchen,emf,11,6,MOVE,Living Room
1763595674025,hunter,71904,Living Room,emf,12,6,MOVE,Kitchen
1763595674030,hunter,71904,Kitchen,emf,13,6,MOVE,Garage
1763595674033,hunter,71904,Garage,emf,14,6,MOVE,Kitchen
1763595674035,hunter,71904,Kitchen,emf,15,6,EXIT,bored
